<?xml version="1.0" encoding="UTF-8"?>
<GenRun Id="peripheralclock_synth_1" LaunchPart="xc7a100tcsg324-1" LaunchTime="1622402182">
  <File Type="REPORTS-TCL" Name="peripheralclock_reports.tcl"/>
  <File Type="PA-TCL" Name="peripheralclock.tcl"/>
  <File Type="RDS-DCP" Name="peripheralclock.dcp"/>
  <File Type="RDS-RDS" Name="peripheralclock.vds"/>
  <File Type="RDS-UTIL" Name="peripheralclock_utilization_synth.rpt"/>
  <File Type="RDS-UTIL-PB" Name="peripheralclock_utilization_synth.pb"/>
  <FileSet Name="sources" Type="BlockSrcs" RelSrcDir="$PSRCDIR/peripheralclock">
    <File Path="$PSRCDIR/sources_1/ip/peripheralclock/peripheralclock.xci">
      <FileInfo>
        <Attr Name="ImportPath" Val="$PPRDIR/../../../../nekotutorial/part10/nekotutorial.srcs/sources_1/ip/peripheralclock/peripheralclock.xci"/>
        <Attr Name="ImportTime" Val="1622402179"/>
        <Attr Name="UsedIn" Val="synthesis"/>
        <Attr Name="UsedIn" Val="implementation"/>
        <Attr Name="UsedIn" Val="simulation"/>
      </FileInfo>
    </File>
    <Config>
      <Option Name="TopModule" Val="peripheralclock"/>
      <Option Name="UseBlackboxStub" Val="1"/>
    </Config>
  </FileSet>
  <FileSet Name="constrs_in" Type="BlockSrcs" RelSrcDir="$PSRCDIR/peripheralclock">
    <File Path="$PSRCDIR/sources_1/ip/peripheralclock/peripheralclock.xci">
      <FileInfo>
        <Attr Name="ImportPath" Val="$PPRDIR/../../../../nekotutorial/part10/nekotutorial.srcs/sources_1/ip/peripheralclock/peripheralclock.xci"/>
        <Attr Name="ImportTime" Val="1622402179"/>
        <Attr Name="UsedIn" Val="synthesis"/>
        <Attr Name="UsedIn" Val="implementation"/>
        <Attr Name="UsedIn" Val="simulation"/>
      </FileInfo>
    </File>
    <Config>
      <Option Name="TopModule" Val="peripheralclock"/>
      <Option Name="UseBlackboxStub" Val="1"/>
    </Config>
  </FileSet>
  <FileSet Name="utils" Type="Utils" RelSrcDir="$PSRCDIR/utils_1">
    <Filter Type="Utils"/>
    <Config>
      <Option Name="TopAutoSet" Val="TRUE"/>
    </Config>
  </FileSet>
  <Strategy Version="1" Minor="2">
    <StratHandle Name="Vivado Synthesis Defaults" Flow="Vivado Synthesis 2020"/>
    <Step Id="synth_design"/>
  </Strategy>
</GenRun>
