<?xml version="1.0" encoding="UTF-8"?>
<GenRun Id="clockgen_synth_1" LaunchPart="xc7a100tcsg324-1" LaunchTime="1622415973">
  <File Type="REPORTS-TCL" Name="clockgen_reports.tcl"/>
  <File Type="PA-TCL" Name="clockgen.tcl"/>
  <File Type="RDS-DCP" Name="clockgen.dcp"/>
  <File Type="RDS-RDS" Name="clockgen.vds"/>
  <FileSet Name="sources" Type="BlockSrcs" RelSrcDir="$PSRCDIR/clockgen">
    <File Path="$PSRCDIR/sources_1/ip/clockgen/clockgen.xci">
      <FileInfo>
        <Attr Name="ImportPath" Val="$PPRDIR/../../../../nekotutorial/part10/nekotutorial.srcs/sources_1/ip/clockgen/clockgen.xci"/>
        <Attr Name="ImportTime" Val="1622382404"/>
        <Attr Name="UsedIn" Val="synthesis"/>
        <Attr Name="UsedIn" Val="implementation"/>
        <Attr Name="UsedIn" Val="simulation"/>
      </FileInfo>
    </File>
    <Config>
      <Option Name="TopModule" Val="clockgen"/>
      <Option Name="UseBlackboxStub" Val="1"/>
    </Config>
  </FileSet>
  <FileSet Name="constrs_in" Type="BlockSrcs" RelSrcDir="$PSRCDIR/clockgen">
    <File Path="$PSRCDIR/sources_1/ip/clockgen/clockgen.xci">
      <FileInfo>
        <Attr Name="ImportPath" Val="$PPRDIR/../../../../nekotutorial/part10/nekotutorial.srcs/sources_1/ip/clockgen/clockgen.xci"/>
        <Attr Name="ImportTime" Val="1622382404"/>
        <Attr Name="UsedIn" Val="synthesis"/>
        <Attr Name="UsedIn" Val="implementation"/>
        <Attr Name="UsedIn" Val="simulation"/>
      </FileInfo>
    </File>
    <Config>
      <Option Name="TopModule" Val="clockgen"/>
      <Option Name="UseBlackboxStub" Val="1"/>
    </Config>
  </FileSet>
  <FileSet Name="utils" Type="Utils" RelSrcDir="$PSRCDIR/utils_1">
    <Filter Type="Utils"/>
    <Config>
      <Option Name="TopAutoSet" Val="TRUE"/>
    </Config>
  </FileSet>
  <Strategy Version="1" Minor="2">
    <StratHandle Name="Vivado Synthesis Defaults" Flow="Vivado Synthesis 2020"/>
    <Step Id="synth_design"/>
  </Strategy>
</GenRun>
